{
  "timestamp": "2026-06-22T18:02:04.242357",
  "GRID_N": 128,
  "NP": 34720,
  "DT": 8e-06,
  "SETTLE": 50,
  "N_ROT": 5891,
  "OMEGA": 100.0,
  "legs_run": [
    "flat"
  ],
  "settled_surf_m": 0.16498745327341424,
  "hip_y_m": 0.18498745327341423,
  "hip_h_actual_m": 0.01999999999999999,
  "soil": {
    "rho": 1650.0,
    "E": 20000000.0,
    "nu": 0.3,
    "phi_deg": 35.0,
    "c_Pa": 10.0
  },
  "leg_geometry": {
    "R_m": 0.0381,
    "T_m": 0.0032,
    "W_m": 0.0254,
    "HIP_H_m": 0.02
  }
}